customer_id,recency,frequency,monetary,r_score,f_score,m_score,rfm_score,customer_segment,total_orders,total_revenue,avg_order_value,lifespan_months,recency_days,expected_future_months,avg_monthly_revenue,estimated_clv
164,0,3,18872.67,1,2,2,5,"Low Engagement",3,18872.67,6290.89,5,389,6,3774.53,22647.2
206,0,2,45309.48,1,2,2,5,"Low Engagement",2,45309.48,22654.74,7,389,6,6472.78,38836.7
188,4,3,51713.98,1,2,1,4,"Low Engagement",3,51713.98,17237.99,6,393,6,8619.0,51713.98
97,5,7,63712.17,1,1,1,3,"Low Engagement",7,63712.17,9101.74,9,394,3,7079.13,21237.39
292,6,3,37435.33,1,2,2,5,"Low Engagement",3,37435.33,12478.44,7,395,6,5347.9,32087.43
257,7,3,22725.31,1,2,2,5,"Low Engagement",3,22725.31,7575.1,2,396,6,11362.66,68175.93
217,8,2,28313.53,1,2,2,5,"Low Engagement",2,28313.53,14156.76,2,397,6,14156.76,84940.59
199,8,1,10628.65,1,3,3,7,"At Risk – Re-engage",1,10628.65,10628.65,1,397,3,10628.65,31885.95
281,10,4,18499.47,1,1,2,4,"Low Engagement",4,18499.47,4624.87,7,399,6,2642.78,15856.69
218,10,2,50910.33,1,2,1,4,"Low Engagement",2,50910.33,25455.17,5,399,6,10182.07,61092.4
74,11,7,69072.59,1,1,1,3,"Low Engagement",7,69072.59,9867.51,5,400,3,13814.52,41443.55
112,11,2,10921.97,1,2,3,6,"At Risk – Re-engage",2,10921.97,5460.99,3,400,6,3640.66,21843.94
270,12,2,9128.43,1,3,3,7,"At Risk – Re-engage",2,9128.43,4564.22,1,401,6,9128.43,54770.58
200,13,3,60318.42,1,1,1,3,"Low Engagement",3,60318.42,20106.14,9,402,6,6702.05,40212.28
140,16,4,77199.71,1,1,1,3,"Low Engagement",4,77199.71,19299.93,7,405,6,11028.53,66171.18
111,17,2,9240.42,1,2,3,6,"At Risk – Re-engage",2,9240.42,4620.21,6,406,6,1540.07,9240.42
246,19,12,84579.01,1,1,1,3,"Low Engagement",12,84579.01,7048.25,10,408,3,8457.9,25373.7
179,19,1,2107.94,1,4,4,9,"At Risk – Re-engage",1,2107.94,2107.94,1,408,3,2107.94,6323.82
293,22,7,98826.68,1,1,1,3,"Low Engagement",7,98826.68,14118.1,6,411,3,16471.11,49413.34
228,23,5,82585.58,1,1,1,3,"Low Engagement",5,82585.58,16517.12,6,412,3,13764.26,41292.79
264,23,2,15368.63,1,2,2,5,"Low Engagement",2,15368.63,7684.32,3,412,6,5122.88,30737.26
275,24,4,16233.84,1,1,2,4,"Low Engagement",4,16233.84,4058.46,9,413,6,1803.76,10822.56
277,24,1,50004.8,1,3,1,5,"Growth Potential – Upsell",1,50004.8,50004.8,1,413,3,50004.8,150014.4
83,27,2,7339.67,1,3,3,7,"At Risk – Re-engage",2,7339.67,3669.84,1,416,6,7339.67,44038.02
116,29,4,68775.61,1,1,1,3,"Low Engagement",4,68775.61,17193.9,6,418,6,11462.6,68775.61
21,30,4,83006.37,1,1,1,3,"Low Engagement",4,83006.37,20751.59,3,419,6,27668.79,166012.74
150,32,10,88612.09,1,1,1,3,"Low Engagement",10,88612.09,8861.21,6,421,3,14768.68,44306.04
234,35,8,102809.56,1,1,1,3,"Low Engagement",8,102809.56,12851.19,8,424,3,12851.19,38553.58
107,42,3,45713.51,1,2,1,4,"Low Engagement",3,45713.51,15237.84,7,431,6,6530.5,39183.01
85,42,3,13558.64,1,2,2,5,"Low Engagement",3,13558.64,4519.55,10,431,6,1355.86,8135.18
219,42,1,2749.29,1,4,4,9,"At Risk – Re-engage",1,2749.29,2749.29,1,431,3,2749.29,8247.87
243,43,4,62514.98,1,1,1,3,"Low Engagement",4,62514.98,15628.75,7,432,6,8930.71,53584.27
124,43,2,71883.84,1,2,1,4,"Low Engagement",2,71883.84,35941.92,2,432,6,35941.92,215651.52
300,44,2,38305.43,1,2,2,5,"Low Engagement",2,38305.43,19152.72,1,433,6,38305.43,229832.58
22,44,1,8203.11,1,3,3,7,"At Risk – Re-engage",1,8203.11,8203.11,1,433,3,8203.11,24609.33
242,47,1,2384.46,1,4,4,9,"At Risk – Re-engage",1,2384.46,2384.46,1,436,3,2384.46,7153.38
170,48,2,9840.38,1,2,3,6,"At Risk – Re-engage",2,9840.38,4920.19,2,437,6,4920.19,29521.14
110,49,3,8978.1,1,2,3,6,"At Risk – Re-engage",3,8978.1,2992.7,7,438,6,1282.59,7695.51
229,49,1,30983.89,1,3,2,6,"Growth Potential – Upsell",1,30983.89,30983.89,1,438,3,30983.89,92951.67
295,50,7,95942.39,1,1,1,3,"Low Engagement",7,95942.39,13706.06,6,439,3,15990.4,47971.19
255,51,1,40182.8,1,3,2,6,"Growth Potential – Upsell",1,40182.8,40182.8,1,440,3,40182.8,120548.4
159,57,2,4537.32,1,3,4,8,"At Risk – Re-engage",2,4537.32,2268.66,1,446,6,4537.32,27223.92
143,60,1,1483.05,1,4,4,9,"At Risk – Re-engage",1,1483.05,1483.05,1,449,3,1483.05,4449.15
32,67,2,6588.07,1,3,3,7,"At Risk – Re-engage",2,6588.07,3294.03,4,456,6,1647.02,9882.1
118,69,3,17812.54,1,2,2,5,"Low Engagement",3,17812.54,5937.51,1,458,6,17812.54,106875.24
186,70,5,47363.52,1,1,1,3,"Low Engagement",5,47363.52,9472.7,7,459,3,6766.22,20298.65
125,73,2,47415.06,1,2,1,4,"Low Engagement",2,47415.06,23707.53,10,462,6,4741.51,28449.04
138,73,2,47061.87,1,2,1,4,"Low Engagement",2,47061.87,23530.93,7,462,6,6723.12,40338.75
238,76,1,7065.78,1,3,3,7,"At Risk – Re-engage",1,7065.78,7065.78,1,465,3,7065.78,21197.34
262,78,1,7919.07,1,3,3,7,"At Risk – Re-engage",1,7919.07,7919.07,1,467,3,7919.07,23757.21
201,82,1,2794.41,1,4,4,9,"At Risk – Re-engage",1,2794.41,2794.41,1,471,3,2794.41,8383.23
94,83,8,58580.6,1,1,1,3,"Low Engagement",8,58580.6,7322.57,11,472,3,5325.51,15976.53
88,83,1,2193.77,1,4,4,9,"At Risk – Re-engage",1,2193.77,2193.77,1,472,3,2193.77,6581.31
58,86,3,38337.31,1,2,2,5,"Low Engagement",3,38337.31,12779.1,2,475,6,19168.65,115011.93
296,90,1,8754.24,1,3,3,7,"At Risk – Re-engage",1,8754.24,8754.24,1,479,3,8754.24,26262.72
222,92,4,14336.75,1,1,2,4,"Low Engagement",4,14336.75,3584.19,5,481,6,2867.35,17204.1
90,92,1,2651.26,1,4,4,9,"At Risk – Re-engage",1,2651.26,2651.26,1,481,3,2651.26,7953.78
230,93,2,42293.97,1,2,2,5,"Low Engagement",2,42293.97,21146.98,1,482,6,42293.97,253763.82
189,97,3,44261.69,1,2,2,5,"Low Engagement",3,44261.69,14753.9,11,486,6,4023.79,24142.74
102,97,1,10035.93,1,3,3,7,"At Risk – Re-engage",1,10035.93,10035.93,1,486,3,10035.93,30107.79
19,99,3,64240.46,1,1,1,3,"Low Engagement",3,64240.46,21413.49,6,488,6,10706.74,64240.46
16,101,2,7042.82,1,3,3,7,"At Risk – Re-engage",2,7042.82,3521.41,1,490,6,7042.82,42256.92
185,101,1,3777.14,1,4,4,9,"At Risk – Re-engage",1,3777.14,3777.14,1,490,3,3777.14,11331.42
250,102,1,10930.1,1,3,3,7,"At Risk – Re-engage",1,10930.1,10930.1,1,491,3,10930.1,32790.3
232,102,1,2018.1,1,4,4,9,"At Risk – Re-engage",1,2018.1,2018.1,1,491,3,2018.1,6054.3
12,108,2,11896.33,1,2,3,6,"At Risk – Re-engage",2,11896.33,5948.16,1,497,6,11896.33,71377.98
278,110,5,56514.85,1,1,1,3,"Low Engagement",5,56514.85,11302.97,5,499,3,11302.97,33908.91
165,110,2,5293.35,1,3,4,8,"At Risk – Re-engage",2,5293.35,2646.68,2,499,6,2646.68,15880.05
205,110,1,7529.16,1,3,3,7,"At Risk – Re-engage",1,7529.16,7529.16,1,499,3,7529.16,22587.48
132,110,1,1805.27,1,4,4,9,"At Risk – Re-engage",1,1805.27,1805.27,1,499,3,1805.27,5415.81
269,114,1,3603.72,1,4,4,9,"At Risk – Re-engage",1,3603.72,3603.72,1,503,3,3603.72,10811.16
96,114,1,2349.9,1,4,4,9,"At Risk – Re-engage",1,2349.9,2349.9,1,503,3,2349.9,7049.7
198,117,1,3290.19,2,4,4,10,"At Risk – Re-engage",1,3290.19,3290.19,1,506,3,3290.19,9870.57
136,121,4,43564.07,2,1,2,5,"Low Engagement",4,43564.07,10891.02,9,510,6,4840.45,29042.71
233,122,2,19049.85,2,2,2,6,"Low Engagement",2,19049.85,9524.92,1,511,6,19049.85,114299.1
209,123,5,84378.47,2,1,1,4,"Low Engagement",5,84378.47,16875.69,3,512,3,28126.16,84378.47
101,124,3,13527.72,2,2,2,6,"Low Engagement",3,13527.72,4509.24,3,513,6,4509.24,27055.44
163,124,1,4178.09,2,4,4,10,"At Risk – Re-engage",1,4178.09,4178.09,1,513,3,4178.09,12534.27
133,124,1,1265.65,2,4,4,10,"At Risk – Re-engage",1,1265.65,1265.65,1,513,3,1265.65,3796.95
109,125,8,136347.3,2,1,1,4,"Low Engagement",8,136347.3,17043.41,11,514,3,12395.21,37185.63
191,125,8,129986.29,2,1,1,4,"Low Engagement",8,129986.29,16248.29,9,514,3,14442.92,43328.76
190,126,3,10456.21,2,2,3,7,"At Risk – Re-engage",3,10456.21,3485.4,6,515,6,1742.7,10456.21
134,126,1,5106.32,2,4,4,10,"At Risk – Re-engage",1,5106.32,5106.32,1,515,3,5106.32,15318.96
166,127,4,8998.54,2,1,3,6,"At Risk – Re-engage",4,8998.54,2249.64,6,516,6,1499.76,8998.54
89,128,8,93068.7,2,1,1,4,"Low Engagement",8,93068.7,11633.59,11,517,3,8460.79,25382.37
93,128,3,6304.32,2,2,3,7,"At Risk – Re-engage",3,6304.32,2101.44,1,517,6,6304.32,37825.92
46,130,5,78509.11,2,1,1,4,"Low Engagement",5,78509.11,15701.82,9,519,3,8723.23,26169.7
36,132,8,128613.32,2,1,1,4,"Low Engagement",8,128613.32,16076.67,12,521,3,10717.78,32153.33
227,132,2,12290.13,2,2,3,7,"At Risk – Re-engage",2,12290.13,6145.07,1,521,6,12290.13,73740.78
131,133,5,24719.36,2,1,2,5,"Low Engagement",5,24719.36,4943.87,8,522,3,3089.92,9269.76
65,133,4,17856.05,2,1,2,5,"Low Engagement",4,17856.05,4464.01,9,522,6,1984.01,11904.03
47,135,3,49591.81,2,2,1,5,"Low Engagement",3,49591.81,16530.6,2,524,6,24795.9,148775.43
273,135,3,46431.44,2,2,1,5,"Low Engagement",3,46431.44,15477.15,8,524,6,5803.93,34823.58
254,136,3,11976.2,2,2,3,7,"At Risk – Re-engage",3,11976.2,3992.07,6,525,6,1996.03,11976.2
282,138,12,122203.36,2,1,1,4,"Low Engagement",12,122203.36,10183.61,8,527,3,15275.42,45826.26
104,139,8,145949.54,2,1,1,4,"Low Engagement",8,145949.54,18243.69,11,528,3,13268.14,39804.42
169,139,2,29487.76,2,2,2,6,"Low Engagement",2,29487.76,14743.88,5,528,6,5897.55,35385.31
161,140,1,29000.27,2,3,2,7,"Growth Potential – Upsell",1,29000.27,29000.27,1,529,3,29000.27,87000.81
276,143,1,2570.5,2,4,4,10,"At Risk – Re-engage",1,2570.5,2570.5,1,532,3,2570.5,7711.5
75,147,1,1674.04,2,4,4,10,"At Risk – Re-engage",1,1674.04,1674.04,1,536,3,1674.04,5022.12
271,148,5,88917.16,2,1,1,4,"Low Engagement",5,88917.16,17783.43,3,537,3,29639.05,88917.16
114,148,5,36813.89,2,1,2,5,"Low Engagement",5,36813.89,7362.78,5,537,3,7362.78,22088.33
225,150,1,2441.44,2,4,4,10,"At Risk – Re-engage",1,2441.44,2441.44,1,539,3,2441.44,7324.32
256,151,4,93786.87,2,1,1,4,"Low Engagement",4,93786.87,23446.72,2,540,6,46893.43,281360.61
279,151,3,44687.91,2,2,2,6,"Low Engagement",3,44687.91,14895.97,8,540,6,5585.99,33515.93
45,152,1,4654.37,2,4,4,10,"At Risk – Re-engage",1,4654.37,4654.37,1,541,3,4654.37,13963.11
197,153,2,48604.98,2,2,1,5,"Low Engagement",2,48604.98,24302.49,5,542,6,9721.0,58325.98
290,156,4,49217.69,2,1,1,4,"Low Engagement",4,49217.69,12304.42,7,545,6,7031.1,42186.59
167,158,2,7602.24,2,3,3,8,"At Risk – Re-engage",2,7602.24,3801.12,1,547,6,7602.24,45613.44
84,159,2,16129.74,2,2,2,6,"Low Engagement",2,16129.74,8064.87,1,548,6,16129.74,96778.44
72,164,2,4782.61,2,3,4,9,"At Risk – Re-engage",2,4782.61,2391.31,11,553,6,434.78,2608.7
204,166,2,30651.82,2,2,2,6,"Low Engagement",2,30651.82,15325.91,6,555,6,5108.64,30651.82
208,169,1,16030.62,2,3,2,7,"Growth Potential – Upsell",1,16030.62,16030.62,1,558,3,16030.62,48091.86
139,170,2,8714.53,2,3,3,8,"At Risk – Re-engage",2,8714.53,4357.26,6,559,6,1452.42,8714.53
177,171,1,2303.07,2,4,4,10,"At Risk – Re-engage",1,2303.07,2303.07,1,560,3,2303.07,6909.21
37,173,12,182183.49,2,1,1,4,"Low Engagement",12,182183.49,15181.96,10,562,3,18218.35,54655.05
13,173,1,24833.17,2,3,2,7,"Growth Potential – Upsell",1,24833.17,24833.17,1,562,3,24833.17,74499.51
144,175,5,68744.74,2,1,1,4,"Low Engagement",5,68744.74,13748.95,8,564,3,8593.09,25779.28
196,178,2,4547.51,2,3,4,9,"At Risk – Re-engage",2,4547.51,2273.76,1,567,6,4547.51,27285.06
50,181,1,8260.85,2,3,3,8,"At Risk – Re-engage",1,8260.85,8260.85,1,570,3,8260.85,24782.55
210,181,1,2697.81,2,4,4,10,"At Risk – Re-engage",1,2697.81,2697.81,1,570,3,2697.81,8093.43
11,185,3,68054.34,2,1,1,4,"Low Engagement",3,68054.34,22684.78,8,574,6,8506.79,51040.75
162,188,3,57962.63,2,1,1,4,"Low Engagement",3,57962.63,19320.88,2,577,6,28981.31,173887.89
175,190,1,9188.55,2,3,3,8,"At Risk – Re-engage",1,9188.55,9188.55,1,579,3,9188.55,27565.65
92,192,1,2538.27,2,4,4,10,"At Risk – Re-engage",1,2538.27,2538.27,1,581,3,2538.27,7614.81
297,194,5,71241.68,2,1,1,4,"Low Engagement",5,71241.68,14248.34,4,583,3,17810.42,53431.26
39,199,1,3202.41,2,4,4,10,"At Risk – Re-engage",1,3202.41,3202.41,1,588,3,3202.41,9607.23
103,199,1,2861.85,2,4,4,10,"At Risk – Re-engage",1,2861.85,2861.85,1,588,3,2861.85,8585.55
294,200,1,1938.5,2,4,4,10,"At Risk – Re-engage",1,1938.5,1938.5,1,589,3,1938.5,5815.5
64,203,12,128854.52,2,1,1,4,"Low Engagement",12,128854.52,10737.88,12,592,3,10737.88,32213.63
7,203,3,33247.99,2,2,2,6,"Low Engagement",3,33247.99,11082.66,5,592,6,6649.6,39897.59
152,203,1,33264.12,2,3,2,7,"Growth Potential – Upsell",1,33264.12,33264.12,1,592,3,33264.12,99792.36
235,203,1,27905.8,2,3,2,7,"Growth Potential – Upsell",1,27905.8,27905.8,1,592,3,27905.8,83717.4
15,204,8,56735.95,2,1,1,4,"Low Engagement",8,56735.95,7091.99,8,593,3,7091.99,21275.98
195,204,3,45699.51,2,2,1,5,"Low Engagement",3,45699.51,15233.17,6,593,6,7616.59,45699.51
53,206,3,13854.96,2,2,2,6,"Low Engagement",3,13854.96,4618.32,3,595,6,4618.32,27709.92
57,206,2,6629.77,2,3,3,8,"At Risk – Re-engage",2,6629.77,3314.89,2,595,6,3314.89,19889.31
119,211,1,2299.44,2,4,4,10,"At Risk – Re-engage",1,2299.44,2299.44,1,600,3,2299.44,6898.32
80,214,1,800.0,2,4,4,10,"At Risk – Re-engage",1,800.0,800.0,1,603,3,800.0,2400.0
71,215,1,3566.71,2,4,4,10,"At Risk – Re-engage",1,3566.71,3566.71,1,604,3,3566.71,10700.13
213,217,3,16407.75,2,2,2,6,"Low Engagement",3,16407.75,5469.25,6,606,6,2734.63,16407.75
142,217,1,1751.28,2,4,4,10,"At Risk – Re-engage",1,1751.28,1751.28,1,606,3,1751.28,5253.84
82,218,2,12566.03,2,2,3,7,"At Risk – Re-engage",2,12566.03,6283.01,2,607,6,6283.02,37698.09
153,219,4,42718.24,3,1,2,6,"Growth Potential – Upsell",4,42718.24,10679.56,4,608,6,10679.56,64077.36
248,220,1,9169.08,3,3,3,9,"High Value – Retain",1,9169.08,9169.08,1,609,3,9169.08,27507.24
117,221,2,8023.76,3,3,3,9,"High Value – Retain",2,8023.76,4011.88,3,610,6,2674.59,16047.52
259,227,1,1583.5,3,4,4,11,"High Value – Retain",1,1583.5,1583.5,1,616,3,1583.5,4750.5
181,229,1,7373.36,3,3,3,9,"High Value – Retain",1,7373.36,7373.36,1,618,3,7373.36,22120.08
231,230,1,21808.94,3,3,2,8,"Loyal Customers",1,21808.94,21808.94,1,619,3,21808.94,65426.82
99,231,1,861.16,3,4,4,11,"High Value – Retain",1,861.16,861.16,1,620,3,861.16,2583.48
5,233,1,4523.88,3,4,4,11,"High Value – Retain",1,4523.88,4523.88,1,622,3,4523.88,13571.64
183,234,1,10248.98,3,3,3,9,"High Value – Retain",1,10248.98,10248.98,1,623,3,10248.98,30746.94
31,237,1,2945.79,3,4,4,11,"High Value – Retain",1,2945.79,2945.79,1,626,3,2945.79,8837.37
121,239,5,69612.47,3,1,1,5,"Growth Potential – Upsell",5,69612.47,13922.49,7,628,3,9944.64,29833.92
8,239,1,3849.24,3,4,4,11,"High Value – Retain",1,3849.24,3849.24,1,628,3,3849.24,11547.72
215,242,1,2839.67,3,4,4,11,"High Value – Retain",1,2839.67,2839.67,1,631,3,2839.67,8519.01
79,246,8,36602.57,3,1,2,6,"Growth Potential – Upsell",8,36602.57,4575.32,6,635,3,6100.43,18301.28
237,247,2,69844.69,3,2,1,6,"Growth Potential – Upsell",2,69844.69,34922.35,1,636,6,69844.69,419068.14
41,248,2,29797.03,3,2,2,7,"Growth Potential – Upsell",2,29797.03,14898.51,6,637,6,4966.17,29797.03
299,248,1,3206.14,3,4,4,11,"High Value – Retain",1,3206.14,3206.14,1,637,3,3206.14,9618.42
73,251,3,24791.78,3,2,2,7,"Growth Potential – Upsell",3,24791.78,8263.93,3,640,6,8263.93,49583.56
56,252,3,45393.78,3,2,1,6,"Growth Potential – Upsell",3,45393.78,15131.26,6,641,6,7565.63,45393.78
240,252,1,33354.91,3,3,2,8,"Loyal Customers",1,33354.91,33354.91,1,641,3,33354.91,100064.73
98,255,4,50029.39,3,1,1,5,"Growth Potential – Upsell",4,50029.39,12507.35,4,644,6,12507.35,75044.08
49,255,1,4304.66,3,4,4,11,"High Value – Retain",1,4304.66,4304.66,1,644,3,4304.66,12913.98
141,256,2,10046.62,3,2,3,8,"Growth Potential – Upsell",2,10046.62,5023.31,5,645,6,2009.32,12055.94
226,256,1,8597.4,3,3,3,9,"High Value – Retain",1,8597.4,8597.4,1,645,3,8597.4,25792.2
27,258,5,101557.89,3,1,1,5,"Growth Potential – Upsell",5,101557.89,20311.58,10,647,3,10155.79,30467.37
192,260,1,1525.87,3,4,4,11,"High Value – Retain",1,1525.87,1525.87,1,649,3,1525.87,4577.61
216,263,5,80105.26,3,1,1,5,"Growth Potential – Upsell",5,80105.26,16021.05,4,652,3,20026.31,60078.94
287,263,1,7694.24,3,3,3,9,"High Value – Retain",1,7694.24,7694.24,1,652,3,7694.24,23082.72
211,265,3,36023.64,3,2,2,7,"Growth Potential – Upsell",3,36023.64,12007.88,10,654,6,3602.36,21614.18
156,265,1,2944.79,3,4,4,11,"High Value – Retain",1,2944.79,2944.79,1,654,3,2944.79,8834.37
223,269,1,19876.86,3,3,2,8,"Loyal Customers",1,19876.86,19876.86,1,658,3,19876.86,59630.58
108,273,5,45738.33,3,1,1,5,"Growth Potential – Upsell",5,45738.33,9147.67,11,662,3,4158.03,12474.09
52,273,1,3618.95,3,4,4,11,"High Value – Retain",1,3618.95,3618.95,1,662,3,3618.95,10856.85
239,278,4,68117.51,3,1,1,5,"Growth Potential – Upsell",4,68117.51,17029.38,4,667,6,17029.38,102176.26
224,278,2,5948.55,3,3,3,9,"High Value – Retain",2,5948.55,2974.28,1,667,6,5948.55,35691.3
3,279,1,5827.86,3,4,3,10,"High Value – Retain",1,5827.86,5827.86,1,668,3,5827.86,17483.58
100,281,5,70906.86,3,1,1,5,"Growth Potential – Upsell",5,70906.86,14181.37,10,670,3,7090.69,21272.06
77,283,1,5887.24,3,4,3,10,"High Value – Retain",1,5887.24,5887.24,1,672,3,5887.24,17661.72
272,286,2,7593.92,3,3,3,9,"High Value – Retain",2,7593.92,3796.96,2,675,6,3796.96,22781.76
25,288,2,12698.76,3,2,3,8,"Growth Potential – Upsell",2,12698.76,6349.38,7,677,6,1814.11,10884.65
280,290,5,40195.04,3,1,2,6,"Growth Potential – Upsell",5,40195.04,8039.01,7,679,3,5742.15,17226.45
30,290,2,7168.61,3,3,3,9,"High Value – Retain",2,7168.61,3584.31,4,679,6,1792.15,10752.91
187,292,1,5676.81,3,4,3,10,"High Value – Retain",1,5676.81,5676.81,1,681,3,5676.81,17030.43
285,293,1,8856.57,3,3,3,9,"High Value – Retain",1,8856.57,8856.57,1,682,3,8856.57,26569.71
120,296,4,58182.21,3,1,1,5,"Growth Potential – Upsell",4,58182.21,14545.55,3,685,6,19394.07,116364.42
20,296,3,55387.04,3,2,1,6,"Growth Potential – Upsell",3,55387.04,18462.35,8,685,6,6923.38,41540.28
284,303,8,89510.56,3,1,1,5,"Growth Potential – Upsell",8,89510.56,11188.82,8,692,3,11188.82,33566.46
174,305,1,38930.78,3,3,2,8,"Loyal Customers",1,38930.78,38930.78,1,694,3,38930.78,116792.34
202,307,3,39551.44,3,2,2,7,"Growth Potential – Upsell",3,39551.44,13183.81,4,696,6,9887.86,59327.16
78,308,3,17846.46,3,2,2,7,"Growth Potential – Upsell",3,17846.46,5948.82,6,697,6,2974.41,17846.46
122,310,1,10469.66,3,3,3,9,"High Value – Retain",1,10469.66,10469.66,1,699,3,10469.66,31408.98
252,310,1,7618.7,3,3,3,9,"High Value – Retain",1,7618.7,7618.7,1,699,3,7618.7,22856.1
48,315,1,2969.8,3,4,4,11,"High Value – Retain",1,2969.8,2969.8,1,704,3,2969.8,8909.4
158,317,2,10472.98,3,2,3,8,"Growth Potential – Upsell",2,10472.98,5236.49,3,706,6,3490.99,20945.96
106,324,2,8418.8,3,3,3,9,"High Value – Retain",2,8418.8,4209.4,6,713,6,1403.13,8418.8
298,326,2,35833.91,3,2,2,7,"Growth Potential – Upsell",2,35833.91,17916.95,3,715,6,11944.64,71667.82
60,328,5,23417.15,3,1,2,6,"Growth Potential – Upsell",5,23417.15,4683.43,8,717,3,2927.14,8781.43
291,332,3,9250.19,3,2,3,8,"Growth Potential – Upsell",3,9250.19,3083.4,5,721,6,1850.04,11100.23
221,336,3,28485.73,3,2,2,7,"Growth Potential – Upsell",3,28485.73,9495.24,7,725,6,4069.39,24416.34
24,336,2,13435.0,3,2,3,8,"Growth Potential – Upsell",2,13435.0,6717.5,7,725,6,1919.29,11515.71
155,337,4,24062.49,3,1,2,6,"Growth Potential – Upsell",4,24062.49,6015.62,7,726,6,3437.5,20624.99
9,337,1,32043.27,3,3,2,8,"Loyal Customers",1,32043.27,32043.27,1,726,3,32043.27,96129.81
4,338,3,75845.94,3,1,1,5,"Growth Potential – Upsell",3,75845.94,25281.98,9,727,6,8427.33,50563.96
288,339,4,9520.96,3,1,3,7,"Growth Potential – Upsell",4,9520.96,2380.24,7,728,6,1360.14,8160.82
69,339,2,27629.04,3,2,2,7,"Growth Potential – Upsell",2,27629.04,13814.52,1,728,6,27629.04,165774.24
151,339,1,2390.66,3,4,4,11,"High Value – Retain",1,2390.66,2390.66,1,728,3,2390.66,7171.98
14,345,5,56855.66,3,1,1,5,"Growth Potential – Upsell",5,56855.66,11371.13,10,734,3,5685.57,17056.7
268,345,4,74730.33,3,1,1,5,"Growth Potential – Upsell",4,74730.33,18682.58,6,734,6,12455.06,74730.33
42,345,1,3990.22,3,4,4,11,"High Value – Retain",1,3990.22,3990.22,1,734,3,3990.22,11970.66
113,350,5,62344.55,3,1,1,5,"Growth Potential – Upsell",5,62344.55,12468.91,5,739,3,12468.91,37406.73
263,350,1,36029.86,3,3,2,8,"Loyal Customers",1,36029.86,36029.86,1,739,3,36029.86,108089.58
149,353,1,3391.87,4,4,4,12,"High Value – Retain",1,3391.87,3391.87,1,742,3,3391.87,10175.61
267,354,4,17505.23,4,1,2,7,"Growth Potential – Upsell",4,17505.23,4376.31,8,743,6,2188.15,13128.92
135,356,2,5455.14,4,3,4,11,"High Value – Retain",2,5455.14,2727.57,9,745,6,606.13,3636.76
168,358,5,26219.87,4,1,2,7,"Growth Potential – Upsell",5,26219.87,5243.97,9,747,3,2913.32,8739.96
129,359,1,24455.82,4,3,2,9,"Loyal Customers",1,24455.82,24455.82,1,748,3,24455.82,73367.46
18,362,12,53842.86,4,1,1,6,"Growth Potential – Upsell",12,53842.86,4486.9,10,751,3,5384.29,16152.86
146,364,1,11691.42,4,3,3,10,"High Value – Retain",1,11691.42,11691.42,1,753,3,11691.42,35074.26
2,365,1,2989.18,4,4,4,12,"High Value – Retain",1,2989.18,2989.18,1,754,3,2989.18,8967.54
54,369,2,6242.95,4,3,3,10,"High Value – Retain",2,6242.95,3121.48,1,758,6,6242.95,37457.7
17,369,1,2461.19,4,4,4,12,"High Value – Retain",1,2461.19,2461.19,1,758,3,2461.19,7383.57
154,371,2,39829.65,4,2,2,8,"Growth Potential – Upsell",2,39829.65,19914.83,2,760,6,19914.83,119488.95
51,372,3,16589.21,4,2,2,8,"Growth Potential – Upsell",3,16589.21,5529.74,9,761,6,1843.25,11059.47
184,374,3,60218.43,4,1,1,6,"Growth Potential – Upsell",3,60218.43,20072.81,6,763,6,10036.41,60218.43
137,375,4,42133.93,4,1,2,7,"Growth Potential – Upsell",4,42133.93,10533.48,5,764,6,8426.79,50560.72
29,377,4,13566.1,4,1,2,7,"Growth Potential – Upsell",4,13566.1,3391.53,8,766,6,1695.76,10174.58
172,377,2,12725.4,4,2,3,9,"Growth Potential – Upsell",2,12725.4,6362.7,9,766,6,1413.93,8483.6
157,377,1,26162.59,4,3,2,9,"Loyal Customers",1,26162.59,26162.59,1,766,3,26162.59,78487.77
160,385,1,3504.72,4,4,4,12,"High Value – Retain",1,3504.72,3504.72,1,774,3,3504.72,10514.16
245,391,1,3224.71,4,4,4,12,"High Value – Retain",1,3224.71,3224.71,1,780,3,3224.71,9674.13
123,392,1,18757.59,4,3,2,9,"Loyal Customers",1,18757.59,18757.59,1,781,3,18757.59,56272.77
40,400,1,2688.71,4,4,4,12,"High Value – Retain",1,2688.71,2688.71,1,789,3,2688.71,8066.13
76,405,1,48397.95,4,3,1,8,"Loyal Customers",1,48397.95,48397.95,1,794,3,48397.95,145193.85
251,405,1,26246.74,4,3,2,9,"Loyal Customers",1,26246.74,26246.74,1,794,3,26246.74,78740.22
274,406,1,5524.74,4,4,4,12,"High Value – Retain",1,5524.74,5524.74,1,795,3,5524.74,16574.22
127,412,2,45859.71,4,2,1,7,"Growth Potential – Upsell",2,45859.71,22929.86,3,801,6,15286.57,91719.42
265,413,8,126898.01,4,1,1,6,"Growth Potential – Upsell",8,126898.01,15862.25,8,802,3,15862.25,47586.75
6,415,2,5069.37,4,3,4,11,"High Value – Retain",2,5069.37,2534.68,6,804,6,844.89,5069.37
105,421,1,1531.77,4,4,4,12,"High Value – Retain",1,1531.77,1531.77,1,810,3,1531.77,4595.31
87,422,2,6767.16,4,3,3,10,"High Value – Retain",2,6767.16,3383.58,1,811,6,6767.16,40602.96
126,424,3,12111.48,4,2,3,9,"Growth Potential – Upsell",3,12111.48,4037.16,5,813,6,2422.3,14533.78
62,425,2,11082.2,4,2,3,9,"Growth Potential – Upsell",2,11082.2,5541.1,1,814,6,11082.2,66493.2
145,427,2,6828.6,4,3,3,10,"High Value – Retain",2,6828.6,3414.3,1,816,6,6828.6,40971.6
38,436,1,6815.52,4,3,3,10,"High Value – Retain",1,6815.52,6815.52,1,825,3,6815.52,20446.56
10,441,2,14988.59,4,2,2,8,"Growth Potential – Upsell",2,14988.59,7494.3,5,830,6,2997.72,17986.31
193,448,2,10326.16,4,2,3,9,"Growth Potential – Upsell",2,10326.16,5163.08,1,837,6,10326.16,61956.96
26,448,1,6113.51,4,4,3,11,"High Value – Retain",1,6113.51,6113.51,1,837,3,6113.51,18340.53
258,449,3,29642.47,4,2,2,8,"Growth Potential – Upsell",3,29642.47,9880.82,2,838,6,14821.24,88927.41
70,450,2,4876.96,4,3,4,11,"High Value – Retain",2,4876.96,2438.48,4,839,6,1219.24,7315.44
214,451,5,118241.15,4,1,1,6,"Growth Potential – Upsell",5,118241.15,23648.23,7,840,3,16891.59,50674.78
173,451,1,2251.87,4,4,4,12,"High Value – Retain",1,2251.87,2251.87,1,840,3,2251.87,6755.61
95,452,1,1958.67,4,4,4,12,"High Value – Retain",1,1958.67,1958.67,1,841,3,1958.67,5876.01
220,453,4,74439.97,4,1,1,6,"Growth Potential – Upsell",4,74439.97,18609.99,7,842,6,10634.28,63805.69
115,455,2,47396.27,4,2,1,7,"Growth Potential – Upsell",2,47396.27,23698.13,6,844,6,7899.38,47396.27
178,455,1,6673.18,4,4,3,11,"High Value – Retain",1,6673.18,6673.18,1,844,3,6673.18,20019.54
28,455,1,2822.81,4,4,4,12,"High Value – Retain",1,2822.81,2822.81,1,844,3,2822.81,8468.43
283,457,1,35617.28,4,3,2,9,"Loyal Customers",1,35617.28,35617.28,1,846,3,35617.28,106851.84
128,458,1,1261.26,4,4,4,12,"High Value – Retain",1,1261.26,1261.26,1,847,3,1261.26,3783.78
247,463,1,21821.95,4,3,2,9,"Loyal Customers",1,21821.95,21821.95,1,852,3,21821.95,65465.85
23,465,1,1965.61,4,4,4,12,"High Value – Retain",1,1965.61,1965.61,1,854,3,1965.61,5896.83
182,465,1,1875.81,4,4,4,12,"High Value – Retain",1,1875.81,1875.81,1,854,3,1875.81,5627.43
43,466,8,108989.35,4,1,1,6,"Growth Potential – Upsell",8,108989.35,13623.67,6,855,3,18164.89,54494.68
180,466,2,8490.2,4,3,3,10,"High Value – Retain",2,8490.2,4245.1,1,855,6,8490.2,50941.2
236,471,1,5346.35,4,4,4,12,"High Value – Retain",1,5346.35,5346.35,1,860,3,5346.35,16039.05
66,473,1,2258.64,4,4,4,12,"High Value – Retain",1,2258.64,2258.64,1,862,3,2258.64,6775.92
34,480,1,2629.04,4,4,4,12,"High Value – Retain",1,2629.04,2629.04,1,869,3,2629.04,7887.12
286,486,1,6773.12,4,3,3,10,"High Value – Retain",1,6773.12,6773.12,1,875,3,6773.12,20319.36
35,491,2,9973.52,4,2,3,9,"Growth Potential – Upsell",2,9973.52,4986.76,5,880,6,1994.7,11968.22
130,498,1,6147.77,4,4,3,11,"High Value – Retain",1,6147.77,6147.77,1,887,3,6147.77,18443.31
241,507,1,2532.75,4,4,4,12,"High Value – Retain",1,2532.75,2532.75,1,896,3,2532.75,7598.25
212,508,3,44881.11,4,2,2,8,"Growth Potential – Upsell",3,44881.11,14960.37,4,897,6,11220.28,67321.67
63,514,2,11577.88,4,2,3,9,"Growth Potential – Upsell",2,11577.88,5788.94,6,903,6,1929.65,11577.88
176,534,2,53234.52,4,2,1,7,"Growth Potential – Upsell",2,53234.52,26617.26,5,923,6,10646.9,63881.42
59,555,1,9666.0,4,3,3,10,"High Value – Retain",1,9666.0,9666.0,1,944,3,9666.0,28998.0
86,556,2,5972.61,4,3,3,10,"High Value – Retain",2,5972.61,2986.31,1,945,6,5972.61,35835.66
203,563,1,29260.56,4,3,2,9,"Loyal Customers",1,29260.56,29260.56,1,952,3,29260.56,87781.68
81,574,1,5609.76,4,4,3,11,"High Value – Retain",1,5609.76,5609.76,1,963,3,5609.76,16829.28
55,590,1,6747.3,4,3,3,10,"High Value – Retain",1,6747.3,6747.3,1,979,3,6747.3,20241.9
147,599,1,3010.7,4,4,4,12,"High Value – Retain",1,3010.7,3010.7,1,988,3,3010.7,9032.1
1,603,1,5405.61,4,4,4,12,"High Value – Retain",1,5405.61,5405.61,1,992,3,5405.61,16216.83
67,613,1,8385.05,4,3,3,10,"High Value – Retain",1,8385.05,8385.05,1,1002,3,8385.05,25155.15
289,684,1,14943.68,4,3,2,9,"Loyal Customers",1,14943.68,14943.68,1,1073,3,14943.68,44831.04
